{"cameraMode":{"drawMode":0,"name":"Shaded","section":"Shading Mode"},"sceneLighting":true,"audioPlay":false,"sceneViewState":{"showFog":true,"showMaterialUpdate":false,"showSkybox":false,"showFlares":true,"showImageEffects":true,"showParticleSystems":true},"in2DMode":false,"pivot":{"x":-11.604299545288086,"y":10.747889518737793,"z":-26.602243423461915},"rotation":{"x":0.18387603759765626,"y":0.2871914207935333,"z":-0.05627568066120148,"w":0.9383739233016968},"size":1.5256824493408204,"orthographic":false}