{"cameraMode":{"drawMode":0,"name":"Shaded","section":"Shading Mode"},"sceneLighting":true,"audioPlay":false,"sceneViewState":{"showFog":true,"showMaterialUpdate":false,"showSkybox":false,"showFlares":true,"showImageEffects":true,"showParticleSystems":true},"in2DMode":false,"pivot":{"x":1.4025211334228516,"y":2.5144758224487306,"z":6.707283020019531},"rotation":{"x":0.13733208179473878,"y":-0.21016757190227509,"z":0.029830433428287507,"w":0.9675222039222717},"size":14.664626121520996,"orthographic":false}