{"cameraMode":{"drawMode":0,"name":"Shaded","section":"Shading Mode"},"sceneLighting":true,"audioPlay":false,"sceneViewState":{"showFog":true,"showMaterialUpdate":false,"showSkybox":false,"showFlares":true,"showImageEffects":true,"showParticleSystems":true},"in2DMode":false,"pivot":{"x":-2.299999952316284,"y":-0.4284365177154541,"z":11.739999771118164},"rotation":{"x":0.339600145816803,"y":0.006209135055541992,"z":-0.0022420582827180626,"w":0.9405468106269836},"size":4.849742412567139,"orthographic":false}