{"cameraMode":{"drawMode":0,"name":"Shaded","section":"Shading Mode"},"sceneLighting":true,"audioPlay":false,"sceneViewState":{"showFog":true,"showMaterialUpdate":false,"showSkybox":true,"showFlares":true,"showImageEffects":true,"showParticleSystems":true},"in2DMode":false,"pivot":{"x":1.111790657043457,"y":6.464538097381592,"z":-0.2390003204345703},"rotation":{"x":-0.11909318715333939,"y":0.2480231672525406,"z":-0.03074464574456215,"w":-0.9609206914901733},"size":15.142355918884278,"orthographic":false}