{"cameraMode":{"drawMode":0,"name":"Shaded","section":"Shading Mode"},"sceneLighting":true,"audioPlay":false,"sceneViewState":{"showFog":true,"showMaterialUpdate":false,"showSkybox":true,"showFlares":true,"showImageEffects":true,"showParticleSystems":true},"in2DMode":false,"pivot":{"x":-5.228987216949463,"y":-13.092787742614746,"z":25.642553329467775},"rotation":{"x":-0.24205085635185243,"y":0.01454919669777155,"z":-0.0036223751958459617,"w":-0.9701765775680542},"size":16.00226402282715,"orthographic":false}