{"cameraMode":{"drawMode":0,"name":"Shaded","section":"Shading Mode"},"sceneLighting":true,"audioPlay":false,"sceneViewState":{"showFog":true,"showMaterialUpdate":true,"showSkybox":false,"showFlares":true,"showImageEffects":true,"showParticleSystems":true},"in2DMode":false,"pivot":{"x":-10.462020874023438,"y":0.42028355598449709,"z":-1.6275646686553956},"rotation":{"x":0.1092803031206131,"y":-0.6224108338356018,"z":0.08832628279924393,"w":0.7699811458587647},"size":8.790407180786133,"orthographic":false}