{"cameraMode":{"drawMode":0,"name":"Shaded","section":"Shading Mode"},"sceneLighting":true,"audioPlay":false,"sceneViewState":{"showFog":true,"showMaterialUpdate":false,"showSkybox":true,"showFlares":true,"showImageEffects":true,"showParticleSystems":true},"in2DMode":false,"pivot":{"x":2.2275640964508058,"y":-0.08600950241088867,"z":-5.464398384094238},"rotation":{"x":-0.36231017112731936,"y":0.2384164184331894,"z":-0.09642083942890167,"w":-0.8958804607391357},"size":10.0,"orthographic":false}