{"cameraMode":{"drawMode":0,"name":"Shaded","section":"Shading Mode"},"sceneLighting":true,"audioPlay":false,"sceneViewState":{"showFog":true,"showMaterialUpdate":false,"showSkybox":false,"showFlares":true,"showImageEffects":true,"showParticleSystems":true},"in2DMode":false,"pivot":{"x":-73.40445709228516,"y":26.9370059967041,"z":-163.1192626953125},"rotation":{"x":0.0075027067214250568,"y":0.9840729832649231,"z":-0.04283419996500015,"w":0.17236724495887757},"size":12.461819648742676,"orthographic":false}